{"1339": {"lambda": {}, "mean": {"t2m": 287.7914123535156}, "std": {"t2m": 11.43497371673584}, "min": {"sp": 65030.46875, "u10": -33.261627197265625, "v10": -32.193511962890625}, "max": {"sp": 104583.25, "u10": 33.1859130859375, "v10": 35.19830322265625}}}